{
  "$schema": "https://railway.app/railway.schema.json",
  "build": {
    "builder": "NIXPACKS",
    "buildCommand": "pip install -r requirements.txt"
  },
  "deploy": {
    "numReplicas": 1,
    "sleepApplication": false,
    "restartPolicyType": "ON_FAILURE",
    "restartPolicyMaxRetries": 10,
    "startCommand": "python production_unified_start.py",
    "healthcheckPath": "/health",
    "healthcheckTimeout": 100
  },
  "environment": {
    "PYTHONPATH": ".",
    "PYTHONUNBUFFERED": "1",
    "PORT": "8000"
  }
}